,F- 1,F- 2,F- 3,F- 4,F- 5,F- 6,F- 7,F- 8,F- 9,F- 10,mean,std
expl_var,0.19586298233991317,0.19070815930497365,0.19192182655906775,0.2004610622242189,0.17921571878907516,0.21129704281009531,0.18590115321561262,0.17785602526579636,0.13245679313822756,0.13277978129447154,0.1798460544941452,0.025370243798564937
mae,0.40513598505187726,0.3945431850143201,0.3898192115460479,0.388600698202872,0.38600812464476325,0.3816169008661189,0.38801664402792907,0.38622302598223135,0.38851980668551783,0.4023287923717701,0.3910812374393448,0.007061439702529807
mse,0.2396956480104639,0.2327332118845181,0.22660026771019828,0.2262554048078988,0.2238828735761978,0.21872787502360488,0.22490103999741606,0.2375403847591444,0.2412195948753852,0.2582397243990617,0.23297960250438893,0.010995335717461162
rmse,0.4895872220661645,0.48242430689644783,0.47602549060969235,0.4756631211350096,0.4731626290993381,0.46768352015396575,0.4742373245511324,0.48738114936786836,0.4911411150325181,0.5081729276526463,0.48254788065647836,0.01127587594513434
r2,0.17148343482100803,0.17770295660674695,0.18268507935452483,0.195124006348392,0.17368548810908502,0.20892967894066927,0.18163152185500964,0.15352846546536092,0.07945263285019366,0.07436311710611931,0.15985863814571094,0.04371056667788328
